Id,Symbol,CommonName,ProfileImageFilename,usda_image_url
14459,CHLA2,hairy lipfern,chla2_002_shp.jpg,https://plants.sc.egov.usda.gov/ImageLibrary/standard/chla2_002_shp.jpg
14357,ADPE,northern maidenhair,adpe_002_shp.jpg,https://plants.sc.egov.usda.gov/ImageLibrary/standard/adpe_002_shp.jpg
13080,ASPL,ebony spleenwort,aspl_002_shp.jpg,https://plants.sc.egov.usda.gov/ImageLibrary/standard/aspl_002_shp.jpg
13404,ATFI,common ladyfern,atfi_003_shp.jpg,https://plants.sc.egov.usda.gov/ImageLibrary/standard/atfi_003_shp.jpg
13412,ATFIA2,asplenium ladyfern,atas_001_svp.jpg,https://plants.sc.egov.usda.gov/ImageLibrary/standard/atas_001_svp.jpg
12926,BOVI,rattlesnake fern,bovi_002_shp.jpg,https://plants.sc.egov.usda.gov/ImageLibrary/standard/bovi_002_shp.jpg
14477,CHTO2,woolly lipfern,chto2_002_shp.jpg,https://plants.sc.egov.usda.gov/ImageLibrary/standard/chto2_002_shp.jpg
13296,DEPU2,eastern hayscented fern,depu2_001_svd.jpg,https://plants.sc.egov.usda.gov/ImageLibrary/standard/depu2_001_svd.jpg
13568,DRCE,log fern,drce_001_shp.jpg,https://plants.sc.egov.usda.gov/ImageLibrary/standard/drce_001_shp.jpg
13578,DRCR4,crested woodfern,drcr4_001_svd.jpg,https://plants.sc.egov.usda.gov/ImageLibrary/standard/drcr4_001_svd.jpg
13597,DRIN5,intermediate woodfern,drin5_002_svp.jpg,https://plants.sc.egov.usda.gov/ImageLibrary/standard/drin5_002_svp.jpg
13605,DRMA4,marginal woodfern,drma4_001_svd.jpg,https://plants.sc.egov.usda.gov/ImageLibrary/standard/drma4_001_svd.jpg
13562,DRCA11,spinulose woodfern,drca11_001_svd.jpg,https://plants.sc.egov.usda.gov/ImageLibrary/standard/drca11_001_svd.jpg
14155,LYPA3,American climbing fern,lypa3_002_shp.jpg,https://plants.sc.egov.usda.gov/ImageLibrary/standard/lypa3_002_shp.jpg
14160,OSCI,cinnamon fern,osci_002_svp.jpg,https://plants.sc.egov.usda.gov/ImageLibrary/standard/osci_002_svp.jpg
14166,OSCL2,interrupted fern,oscl2_002_shp.jpg,https://plants.sc.egov.usda.gov/ImageLibrary/standard/oscl2_002_shp.jpg
14167,OSRE,royal fern,osre_002_svp.jpg,https://plants.sc.egov.usda.gov/ImageLibrary/standard/osre_002_svp.jpg
14559,PEAT2,purple cliffbrake,peat2_002_svp.jpg,https://plants.sc.egov.usda.gov/ImageLibrary/standard/peat2_002_svp.jpg
14320,POVI7,rock polypody,povi7_001_shp.jpg,https://plants.sc.egov.usda.gov/ImageLibrary/standard/povi7_001_shp.jpg
13787,POAC4,Christmas fern,poac4_002_shp.jpg,https://plants.sc.egov.usda.gov/ImageLibrary/standard/poac4_002_shp.jpg
13351,PTAQ,western brackenfern,ptaq_002_svp.jpg,https://plants.sc.egov.usda.gov/ImageLibrary/standard/ptaq_002_svp.jpg
14837,THNO,New York fern,thno_001_shp.jpg,https://plants.sc.egov.usda.gov/ImageLibrary/standard/thno_001_shp.jpg
14854,THPA,eastern marsh fern,thpa_001_svd.jpg,https://plants.sc.egov.usda.gov/ImageLibrary/standard/thpa_001_svd.jpg
13778,ONSE,sensitive fern,onse_002_svp.jpg,https://plants.sc.egov.usda.gov/ImageLibrary/standard/onse_002_svp.jpg
20153,AGHY,winter bentgrass,aghy_002_svp.jpg,https://plants.sc.egov.usda.gov/ImageLibrary/standard/aghy_002_svp.jpg
20180,AGPE,upland bentgrass,agpe_002_svp.jpg,https://plants.sc.egov.usda.gov/ImageLibrary/standard/agpe_002_svp.jpg
20316,ANGE,big bluestem,ange_001_svp.jpg,https://plants.sc.egov.usda.gov/ImageLibrary/standard/ange_001_svp.jpg
20324,ANGL2,bushy bluestem,angl2_002_svp.jpg,https://plants.sc.egov.usda.gov/ImageLibrary/standard/angl2_002_svp.jpg
20367,ANVI2,broomsedge bluestem,anvi2_002_svp.jpg,https://plants.sc.egov.usda.gov/ImageLibrary/standard/anvi2_002_svp.jpg
20561,ARGI,giant cane,argi_002_svp.jpg,https://plants.sc.egov.usda.gov/ImageLibrary/standard/argi_002_svp.jpg
20755,BODA2,buffalograss,boda2_001_svp.jpg,https://plants.sc.egov.usda.gov/ImageLibrary/standard/boda2_001_svp.jpg
20816,BRER2,bearded shorthusk,brer2_003_svp.jpg,https://plants.sc.egov.usda.gov/ImageLibrary/standard/brer2_003_svp.jpg
20903,BRCI2,fringed brome,brci2_003_shp.jpg,https://plants.sc.egov.usda.gov/ImageLibrary/standard/brci2_003_shp.jpg
20954,BRIN2,smooth brome,brin2_003_svp.jpg,https://plants.sc.egov.usda.gov/ImageLibrary/standard/brin2_003_svp.jpg
21103,CACA4,bluejoint,caca4_002_svp.jpg,https://plants.sc.egov.usda.gov/ImageLibrary/standard/caca4_002_svp.jpg
21127,CACO71,Nuttall's reedgrass,caco71_001_svd.jpg,https://plants.sc.egov.usda.gov/ImageLibrary/standard/caco71_001_svd.jpg
18129,CAAM8,eastern narrowleaf sedge,caam8_002_svp.jpg,https://plants.sc.egov.usda.gov/ImageLibrary/standard/caam8_002_svp.jpg
18180,CAAT4,prickly bog sedge,caat4_002_svp.jpg,https://plants.sc.egov.usda.gov/ImageLibrary/standard/caat4_002_svp.jpg
18236,CABL,eastern woodland sedge,cabl_003_shp.jpg,https://plants.sc.egov.usda.gov/ImageLibrary/standard/cabl_003_shp.jpg
18297,CACE,oval-leaf sedge,cace_002_svp.jpg,https://plants.sc.egov.usda.gov/ImageLibrary/standard/cace_002_svp.jpg
18321,CACO8,longhair sedge,caco8_002_shp.jpg,https://plants.sc.egov.usda.gov/ImageLibrary/standard/caco8_002_shp.jpg
18330,CACR6,fringed sedge,cacr6_002_svp.jpg,https://plants.sc.egov.usda.gov/ImageLibrary/standard/cacr6_002_svp.jpg
18354,CADE5,white edge sedge,cade5_002_svp.jpg,https://plants.sc.egov.usda.gov/ImageLibrary/standard/cade5_002_svp.jpg
18467,CAFR3,Frank's sedge,cafr3_002_svp.jpg,https://plants.sc.egov.usda.gov/ImageLibrary/standard/cafr3_002_svp.jpg
18452,CAFL3,thinfruit sedge,cafl3_002_svp.jpg,https://plants.sc.egov.usda.gov/ImageLibrary/standard/cafl3_002_svp.jpg
18494,CAGR2,graceful sedge,cagr2_002_svp.jpg,https://plants.sc.egov.usda.gov/ImageLibrary/standard/cagr2_002_svp.jpg
18499,CAGR3,limestone meadow sedge,cagr3_002_shp.jpg,https://plants.sc.egov.usda.gov/ImageLibrary/standard/cagr3_002_shp.jpg
17314,CAIN12,greater bladder sedge,cain12_002_svp.jpg,https://plants.sc.egov.usda.gov/ImageLibrary/standard/cain12_002_svp.jpg
17455,CALU4,hop sedge,calu4_002_svp.jpg,https://plants.sc.egov.usda.gov/ImageLibrary/standard/calu4_002_svp.jpg
17458,CALU5,shallow sedge,calu5_002_shp.jpg,https://plants.sc.egov.usda.gov/ImageLibrary/standard/calu5_002_shp.jpg
17576,CANO,greater straw sedge,cano_001_svd.jpg,https://plants.sc.egov.usda.gov/ImageLibrary/standard/cano_001_svd.jpg
17676,CAPE6,Pennsylvania sedge,cape6_001_svd.jpg,https://plants.sc.egov.usda.gov/ImageLibrary/standard/cape6_001_svd.jpg
17706,CAPL4,plantainleaf sedge,capl4_001_svd.jpg,https://plants.sc.egov.usda.gov/ImageLibrary/standard/capl4_001_svd.jpg
17718,CAPR12,drooping sedge,capr12_002_svp.jpg,https://plants.sc.egov.usda.gov/ImageLibrary/standard/capr12_002_svp.jpg
17767,CARO22,rosy sedge,caro22_001_svd.jpg,https://plants.sc.egov.usda.gov/ImageLibrary/standard/caro22_001_svd.jpg
17826,CASC11,broom sedge,casc11_002_shp.jpg,https://plants.sc.egov.usda.gov/ImageLibrary/standard/casc11_002_shp.jpg
17859,CASH2,Short's sedge,cash2_002_svp.jpg,https://plants.sc.egov.usda.gov/ImageLibrary/standard/cash2_002_svp.jpg
17885,CASQ2,squarrose sedge,casq2_002_svp.jpg,https://plants.sc.egov.usda.gov/ImageLibrary/standard/casq2_002_svp.jpg
17903,CAST5,awlfruit sedge,cast5_002_svp.jpg,https://plants.sc.egov.usda.gov/ImageLibrary/standard/cast5_002_svp.jpg
17921,CAST8,upright sedge,cast8_002_svp.jpg,https://plants.sc.egov.usda.gov/ImageLibrary/standard/cast8_002_svp.jpg
17948,CASW,Swan's sedge,casw_001_svd.jpg,https://plants.sc.egov.usda.gov/ImageLibrary/standard/casw_001_svd.jpg
17981,CATO4,twisted sedge,cato4_002_svp.jpg,https://plants.sc.egov.usda.gov/ImageLibrary/standard/cato4_002_svp.jpg
17988,CATR7,blunt broom sedge,catr7_002_svp.jpg,https://plants.sc.egov.usda.gov/ImageLibrary/standard/catr7_002_svp.jpg
18058,CAVU2,fox sedge,cavu2_002_svp.jpg,https://plants.sc.egov.usda.gov/ImageLibrary/standard/cavu2_002_svp.jpg
21302,CHLA5,Indian woodoats,chla5_001_svp.jpg,https://plants.sc.egov.usda.gov/ImageLibrary/standard/chla5_001_svp.jpg
21304,CHLA6,slender woodoats,chla6_001_svp.jpg,https://plants.sc.egov.usda.gov/ImageLibrary/standard/chla6_001_svp.jpg
21368,CIAR2,sweet woodreed,ciar2_002_svp.jpg,https://plants.sc.egov.usda.gov/ImageLibrary/standard/ciar2_002_svp.jpg
24236,PAAN,beaked panicgrass,paan_003_shp.jpg,https://plants.sc.egov.usda.gov/ImageLibrary/standard/paan_003_shp.jpg
18590,CYES,yellow nutsedge,cyes_002_svp.jpg,https://plants.sc.egov.usda.gov/ImageLibrary/standard/cyes_002_svp.jpg
18714,CYOD,fragrant flatsedge,cyod_001_svp.jpg,https://plants.sc.egov.usda.gov/ImageLibrary/standard/cyod_001_svp.jpg
18835,CYST,strawcolored flatsedge,cyst_002_shp.jpg,https://plants.sc.egov.usda.gov/ImageLibrary/standard/cyst_002_shp.jpg
21508,DACO,flattened oatgrass,daco_001_svd.jpg,https://plants.sc.egov.usda.gov/ImageLibrary/standard/daco_001_svd.jpg
21519,DASE2,downy danthonia,dase2_003_svp.jpg,https://plants.sc.egov.usda.gov/ImageLibrary/standard/dase2_003_svp.jpg
21520,DASP2,poverty oatgrass,dasp2_003_svp.jpg,https://plants.sc.egov.usda.gov/ImageLibrary/standard/dasp2_003_svp.jpg
21602,DEFL,wavy hairgrass,defl_003_shp.jpg,https://plants.sc.egov.usda.gov/ImageLibrary/standard/defl_003_shp.jpg
21710,DICL,deertongue,dicl_001_shp.jpg,https://plants.sc.egov.usda.gov/ImageLibrary/standard/dicl_001_shp.jpg
21712,DICO2,variable panicgrass,dico2_002_svp.jpg,https://plants.sc.egov.usda.gov/ImageLibrary/standard/dico2_002_svp.jpg
18864,DUAR3,three-way sedge,duar3_002_svp.jpg,https://plants.sc.egov.usda.gov/ImageLibrary/standard/duar3_002_svp.jpg
18868,ELAC,needle spikerush,elac_002_shp.jpg,https://plants.sc.egov.usda.gov/ImageLibrary/standard/elac_002_shp.jpg
19007,ELOB2,blunt spikerush,elob2_002_shp.jpg,https://plants.sc.egov.usda.gov/ImageLibrary/standard/elob2_002_shp.jpg
19059,ELQU,squarestem spikerush,elqu_001_svp.jpg,https://plants.sc.egov.usda.gov/ImageLibrary/standard/elqu_001_svp.jpg
22394,ELCA4,Canada wildrye,elca4_003_svp.jpg,https://plants.sc.egov.usda.gov/ImageLibrary/standard/elca4_003_svp.jpg
22465,ELHY,eastern bottlebrush grass,elhy_001_shp.jpg,https://plants.sc.egov.usda.gov/ImageLibrary/standard/elhy_001_shp.jpg
22557,ELRI,riverbank wildrye,elri_001_svp.jpg,https://plants.sc.egov.usda.gov/ImageLibrary/standard/elri_001_svp.jpg
22656,ELVI3,Virginia wildrye,elvi3_003_svp.jpg,https://plants.sc.egov.usda.gov/ImageLibrary/standard/elvi3_003_svp.jpg
22734,ERCA,lace grass,erca_001_svd.jpg,https://plants.sc.egov.usda.gov/ImageLibrary/standard/erca_001_svd.jpg
22864,ERSP,purple lovegrass,ersp_001_svp.jpg,https://plants.sc.egov.usda.gov/ImageLibrary/standard/ersp_001_svp.jpg
25363,SAGI,sugarcane plumegrass,sagi_002_svp.jpg,https://plants.sc.egov.usda.gov/ImageLibrary/standard/sagi_002_svp.jpg
23137,FERU2,red fescue,feru2_003_svp.jpg,https://plants.sc.egov.usda.gov/ImageLibrary/standard/feru2_003_svp.jpg
23194,FESU3,nodding fescue,fesu3_001_svd.jpg,https://plants.sc.egov.usda.gov/ImageLibrary/standard/fesu3_001_svd.jpg
23267,GLME2,melic mannagrass,glme2_001_svd.jpg,https://plants.sc.egov.usda.gov/ImageLibrary/standard/glme2_001_svd.jpg
23276,GLST,fowl mannagrass,glst_001_svp.jpg,https://plants.sc.egov.usda.gov/ImageLibrary/standard/glst_001_svp.jpg
23359,HIOD,sweetgrass,hiod_001_svp.jpg,https://plants.sc.egov.usda.gov/ImageLibrary/standard/hiod_001_svp.jpg
26541,JUAC,tapertip rush,juac_002_svp.jpg,https://plants.sc.egov.usda.gov/ImageLibrary/standard/juac_002_svp.jpg
26611,JUCA3,Canadian rush,juca3_002_shp.jpg,https://plants.sc.egov.usda.gov/ImageLibrary/standard/juca3_002_shp.jpg
26634,JUDI,forked rush,judi_001_svd.jpg,https://plants.sc.egov.usda.gov/ImageLibrary/standard/judi_001_svd.jpg
26651,JUEF,common rush,juef_003_svp.jpg,https://plants.sc.egov.usda.gov/ImageLibrary/standard/juef_003_svp.jpg
26724,JUMA4,grassleaf rush,juma4_002_svp.jpg,https://plants.sc.egov.usda.gov/ImageLibrary/standard/juma4_002_svp.jpg
26783,JUSC,needlepod rush,jusc_002_shp.jpg,https://plants.sc.egov.usda.gov/ImageLibrary/standard/jusc_002_shp.jpg
26799,JUTE,poverty rush,jute_002_svp.jpg,https://plants.sc.egov.usda.gov/ImageLibrary/standard/jute_002_svp.jpg
23605,LEOR,rice cutgrass,leor_001_svp.jpg,https://plants.sc.egov.usda.gov/ImageLibrary/standard/leor_001_svp.jpg
23608,LEVI2,whitegrass,levi2_001_svp.jpg,https://plants.sc.egov.usda.gov/ImageLibrary/standard/levi2_001_svp.jpg
23997,MUCA2,hairawn muhly,muca2_003_svp.jpg,https://plants.sc.egov.usda.gov/ImageLibrary/standard/muca2_003_svp.jpg
24042,MUME2,Mexican muhly,mume2_003_shp.jpg,https://plants.sc.egov.usda.gov/ImageLibrary/standard/mume2_003_shp.jpg
24262,PADI,fall panicgrass,padi_002_svp.jpg,https://plants.sc.egov.usda.gov/ImageLibrary/standard/padi_002_svp.jpg
24345,PARI4,redtop panicgrass,pari4_001_svp.jpg,https://plants.sc.egov.usda.gov/ImageLibrary/standard/pari4_001_svp.jpg
24393,PAVI2,switchgrass,pavi2_002_shp.jpg,https://plants.sc.egov.usda.gov/ImageLibrary/standard/pavi2_002_shp.jpg
24659,PHAR3,reed canarygrass,phar3_002_svp.jpg,https://plants.sc.egov.usda.gov/ImageLibrary/standard/phar3_002_svp.jpg
24710,PHAU7,common reed,phau7_001_svp.jpg,https://plants.sc.egov.usda.gov/ImageLibrary/standard/phau7_001_svp.jpg
25028,POPR,Kentucky bluegrass,popr_002_svp.jpg,https://plants.sc.egov.usda.gov/ImageLibrary/standard/popr_002_svp.jpg
25340,SAAL21,silver plumegrass,eral2_001_svd.jpg,https://plants.sc.egov.usda.gov/ImageLibrary/standard/eral2_001_svd.jpg
25478,SCSC,little bluestem,scsc_002_svp.jpg,https://plants.sc.egov.usda.gov/ImageLibrary/standard/scsc_002_svp.jpg
19652,SCPUP5,common threesquare,scpu3_001_svp.jpg,https://plants.sc.egov.usda.gov/ImageLibrary/standard/scpu3_001_svp.jpg
19669,SCTA2,softstem bulrush,scta2_001_svp.jpg,https://plants.sc.egov.usda.gov/ImageLibrary/standard/scta2_001_svp.jpg
19732,SCAT2,green bulrush,scat2_003_svp.jpg,https://plants.sc.egov.usda.gov/ImageLibrary/standard/scat2_003_svp.jpg
19736,SCCY,woolgrass,sccy_002_shp.jpg,https://plants.sc.egov.usda.gov/ImageLibrary/standard/sccy_002_shp.jpg
19768,SCPE4,rufous bulrush,scpe4_001_svp.jpg,https://plants.sc.egov.usda.gov/ImageLibrary/standard/scpe4_001_svp.jpg
25695,SONU2,Indiangrass,sonu2_004_svp.jpg,https://plants.sc.egov.usda.gov/ImageLibrary/standard/sonu2_004_svp.jpg
26962,SPAM,American bur-reed,spam_002_shp.jpg,https://plants.sc.egov.usda.gov/ImageLibrary/standard/spam_002_shp.jpg
25851,SPHE,prairie dropseed,sphe_003_shp.jpg,https://plants.sc.egov.usda.gov/ImageLibrary/standard/sphe_003_shp.jpg
26132,TRFL2,purpletop tridens,trfl2_002_svd.jpg,https://plants.sc.egov.usda.gov/ImageLibrary/standard/trfl2_002_svd.jpg
26161,TRDA3,eastern gamagrass,trda3_004_shp.jpg,https://plants.sc.egov.usda.gov/ImageLibrary/standard/trda3_004_shp.jpg
27001,TYLA,broadleaf cattail,tyla_002_svp.jpg,https://plants.sc.egov.usda.gov/ImageLibrary/standard/tyla_002_svp.jpg
26483,ZIMI,giant cutgrass,zimi_002_shp.jpg,https://plants.sc.egov.usda.gov/ImageLibrary/standard/zimi_002_shp.jpg
31206,ACMI2,common yarrow,acmi2_002_svp.jpg,https://plants.sc.egov.usda.gov/ImageLibrary/standard/acmi2_002_svp.jpg
16268,ACAM,sweetflag,acam_001_svp.jpg,https://plants.sc.egov.usda.gov/ImageLibrary/standard/acam_001_svp.jpg
16271,ACCA4,calamus,acca4_003_shp.jpg,https://plants.sc.egov.usda.gov/ImageLibrary/standard/acca4_003_shp.jpg
72484,ACPA,white baneberry,acpa_001_svp.jpg,https://plants.sc.egov.usda.gov/ImageLibrary/standard/acpa_001_svp.jpg
72494,ACRAR,black bugbane,cira_002_svp.jpg,https://plants.sc.egov.usda.gov/ImageLibrary/standard/cira_002_svp.jpg
15744,ALSU,American water plantain,alsu_002_shp.jpg,https://plants.sc.egov.usda.gov/ImageLibrary/standard/alsu_002_shp.jpg
27903,ALCE2,nodding onion,alce2_002_svp.jpg,https://plants.sc.egov.usda.gov/ImageLibrary/standard/alce2_002_svp.jpg
43228,AMTA2,eastern bluestar,amta2_001_shp.jpg,https://plants.sc.egov.usda.gov/ImageLibrary/standard/amta2_001_shp.jpg
72538,ANLA,mountain thimbleweed,anla_001_shp.jpg,https://plants.sc.egov.usda.gov/ImageLibrary/standard/anla_001_shp.jpg
72594,ANQU,wood anemone,anqu_002_shp.jpg,https://plants.sc.egov.usda.gov/ImageLibrary/standard/anqu_002_shp.jpg
31762,ANNE,field pussytoes,anne_001_svd.jpg,https://plants.sc.egov.usda.gov/ImageLibrary/standard/anne_001_svd.jpg
31814,ANPL,woman's tobacco,anpl_002_svp.jpg,https://plants.sc.egov.usda.gov/ImageLibrary/standard/anpl_002_svp.jpg
72621,AQCA,red columbine,aqca_002_shp.jpg,https://plants.sc.egov.usda.gov/ImageLibrary/standard/aqca_002_shp.jpg
16310,ARDR3,green dragon,ardr3_002_svp.jpg,https://plants.sc.egov.usda.gov/ImageLibrary/standard/ardr3_002_svp.jpg
16316,ARTR,Jack in the pulpit,artr_001_svp.jpg,https://plants.sc.egov.usda.gov/ImageLibrary/standard/artr_001_svp.jpg
32298,ARLU,white sagebrush,arlu_004_svp.jpg,https://plants.sc.egov.usda.gov/ImageLibrary/standard/arlu_004_svp.jpg
88802,ARDI8,bride's feathers,ardi8_001_svp.jpg,https://plants.sc.egov.usda.gov/ImageLibrary/standard/ardi8_001_svp.jpg
71268,ASCA,Canadian wildginger,asca_002_shp.jpg,https://plants.sc.egov.usda.gov/ImageLibrary/standard/asca_002_shp.jpg
43539,ASIN,swamp milkweed,asin_002_shp.jpg,https://plants.sc.egov.usda.gov/ImageLibrary/standard/asin_002_shp.jpg
43580,ASQU,fourleaf milkweed,asqu_002_svp.jpg,https://plants.sc.egov.usda.gov/ImageLibrary/standard/asqu_002_svp.jpg
43599,ASSY,common milkweed,assy_002_shp.jpg,https://plants.sc.egov.usda.gov/ImageLibrary/standard/assy_002_shp.jpg
43605,ASTU,butterfly milkweed,astu_002_svp.jpg,https://plants.sc.egov.usda.gov/ImageLibrary/standard/astu_002_svp.jpg
43619,ASVA,redring milkweed,asva_002_shp.jpg,https://plants.sc.egov.usda.gov/ImageLibrary/standard/asva_002_shp.jpg
43621,ASVE,whorled milkweed,asve_002_svp.jpg,https://plants.sc.egov.usda.gov/ImageLibrary/standard/asve_002_svp.jpg
68486,HYHYH,St. Andrew's cross,hyhyh_001_svp.jpg,https://plants.sc.egov.usda.gov/ImageLibrary/standard/hyhyh_001_svp.jpg
77136,ASCA11,Canadian milkvetch,asca11_001_svp.jpg,https://plants.sc.egov.usda.gov/ImageLibrary/standard/asca11_001_svp.jpg
78033,BAAU,blue wild indigo,baau_002_svp.jpg,https://plants.sc.egov.usda.gov/ImageLibrary/standard/baau_002_svp.jpg
78085,BATI,horseflyweed,bati_002_shp.jpg,https://plants.sc.egov.usda.gov/ImageLibrary/standard/bati_002_shp.jpg
32620,BIAR,bearded beggarticks,biar_002_shp.jpg,https://plants.sc.egov.usda.gov/ImageLibrary/standard/biar_002_shp.jpg
32652,BICE,nodding beggartick,bice_003_svp.jpg,https://plants.sc.egov.usda.gov/ImageLibrary/standard/bice_003_svp.jpg
32705,BIFR,devil's beggartick,bifr_002_svp.jpg,https://plants.sc.egov.usda.gov/ImageLibrary/standard/bifr_002_svp.jpg
12726,SERU,northern selaginella,seru_001_svd.jpg,https://plants.sc.egov.usda.gov/ImageLibrary/standard/seru_001_svd.jpg
72708,CAPA5,yellow marsh marigold,capa5_002_shp.jpg,https://plants.sc.egov.usda.gov/ImageLibrary/standard/capa5_002_shp.jpg
78361,CHFA2,partridge pea,chfa2_002_svp.jpg,https://plants.sc.egov.usda.gov/ImageLibrary/standard/chfa2_002_svp.jpg
50704,CHGL2,white turtlehead,chgl2_002_svp.jpg,https://plants.sc.egov.usda.gov/ImageLibrary/standard/chgl2_002_svp.jpg
33399,CHVI5,green and gold,chvi5_002_shp.jpg,https://plants.sc.egov.usda.gov/ImageLibrary/standard/chvi5_002_shp.jpg
33436,CHMA14,Maryland goldenaster,chma14_002_shp.jpg,https://plants.sc.egov.usda.gov/ImageLibrary/standard/chma14_002_shp.jpg
72807,CLOC,curlyheads,cloc_1v.jpg,https://plants.sc.egov.usda.gov/ImageLibrary/standard/cloc_1v.jpg
78506,CLMA4,Atlantic pigeonwings,clma4_002_svp.jpg,https://plants.sc.egov.usda.gov/ImageLibrary/standard/clma4_002_svp.jpg
16911,COER,whitemouth dayflower,coer_002_shp.jpg,https://plants.sc.egov.usda.gov/ImageLibrary/standard/coer_002_shp.jpg
33849,COCO13,blue mistflower,coco13_001_shp.jpg,https://plants.sc.egov.usda.gov/ImageLibrary/standard/coco13_001_shp.jpg
28406,COMA19,American lily-of-the-valley,coma19_001_shp.jpg,https://plants.sc.egov.usda.gov/ImageLibrary/standard/coma19_001_shp.jpg
33940,COLA5,lanceleaf tickseed,cola5_002_svp.jpg,https://plants.sc.egov.usda.gov/ImageLibrary/standard/cola5_002_svp.jpg
33987,COTR4,tall tickseed,cotr4_002_svp.jpg,https://plants.sc.egov.usda.gov/ImageLibrary/standard/cotr4_002_svp.jpg
33992,COVE5,whorled tickseed,cove5_002_shp.jpg,https://plants.sc.egov.usda.gov/ImageLibrary/standard/cove5_002_shp.jpg
45660,CUOR,common dittany,cuor_002_svp.jpg,https://plants.sc.egov.usda.gov/ImageLibrary/standard/cuor_002_svp.jpg
84380,DEVE,swamp loosestrife,deve_002_shp.jpg,https://plants.sc.egov.usda.gov/ImageLibrary/standard/deve_002_shp.jpg
73087,DETR,dwarf larkspur,detr_002_svp.jpg,https://plants.sc.egov.usda.gov/ImageLibrary/standard/detr_002_svp.jpg
79106,DEPA6,panicledleaf ticktrefoil,depa6_001_shp.jpg,https://plants.sc.egov.usda.gov/ImageLibrary/standard/depa6_001_shp.jpg
71832,DICU,dutchman's breeches,dicu_001_svp.jpg,https://plants.sc.egov.usda.gov/ImageLibrary/standard/dicu_001_svp.jpg
71836,DIEX,turkey corn,diex_001_svp.jpg,https://plants.sc.egov.usda.gov/ImageLibrary/standard/diex_001_svp.jpg
34298,DOUM2,parasol whitetop,doum2_001_svd.jpg,https://plants.sc.egov.usda.gov/ImageLibrary/standard/doum2_001_svd.jpg
34475,ECPU,eastern purple coneflower,ecpu_002_svp.jpg,https://plants.sc.egov.usda.gov/ImageLibrary/standard/ecpu_002_svp.jpg
34506,ELCA3,Carolina elephantsfoot,elca3_002_shp.jpg,https://plants.sc.egov.usda.gov/ImageLibrary/standard/elca3_002_shp.jpg
15884,ELCA7,Canadian waterweed,elca7_001_shp.jpg,https://plants.sc.egov.usda.gov/ImageLibrary/standard/elca7_001_shp.jpg
85932,EPCO,purpleleaf willowherb,epco_002_shp.jpg,https://plants.sc.egov.usda.gov/ImageLibrary/standard/epco_002_shp.jpg
12212,EQAR,field horsetail,eqar_002_svp.jpg,https://plants.sc.egov.usda.gov/ImageLibrary/standard/eqar_002_svp.jpg
12228,EQHY,scouringrush horsetail,eqhy_002_svp.jpg,https://plants.sc.egov.usda.gov/ImageLibrary/standard/eqhy_002_svp.jpg
35138,ERPH,Philadelphia fleabane,erph_002_svp.jpg,https://plants.sc.egov.usda.gov/ImageLibrary/standard/erph_002_svp.jpg
35163,ERPU,robin's plantain,erpu_002_shp.jpg,https://plants.sc.egov.usda.gov/ImageLibrary/standard/erpu_002_shp.jpg
60308,ERAL5,shale barren buckwheat,eral5_1v.jpg,https://plants.sc.egov.usda.gov/ImageLibrary/standard/eral5_1v.jpg
74019,ERYU,button eryngo,eryu_001_shp.jpg,https://plants.sc.egov.usda.gov/ImageLibrary/standard/eryu_001_shp.jpg
28499,ERAM5,dogtooth violet,eram5_002_svp.jpg,https://plants.sc.egov.usda.gov/ImageLibrary/standard/eram5_002_svp.jpg
35396,EUHY,hyssopleaf thoroughwort,euhy_002_svp.jpg,https://plants.sc.egov.usda.gov/ImageLibrary/standard/euhy_002_svp.jpg
35415,EUPE3,common boneset,eupe3_002_svp.jpg,https://plants.sc.egov.usda.gov/ImageLibrary/standard/eupe3_002_svp.jpg
35438,EUSE3,upland boneset,euse3_002_shp.jpg,https://plants.sc.egov.usda.gov/ImageLibrary/standard/euse3_002_shp.jpg
76059,EUCO10,flowering spurge,euco10_001_svp.jpg,https://plants.sc.egov.usda.gov/ImageLibrary/standard/euco10_001_svp.jpg
35469,EUDI16,white wood aster,asca18_001_svd.jpg,https://plants.sc.egov.usda.gov/ImageLibrary/standard/asca18_001_svd.jpg
35511,EUMA27,bigleaf aster,asia_001_svd.jpg,https://plants.sc.egov.usda.gov/ImageLibrary/standard/asia_001_svd.jpg
35594,EUGR5,flat-top goldentop,eugr5_002_svp.jpg,https://plants.sc.egov.usda.gov/ImageLibrary/standard/eugr5_002_svp.jpg
35639,EUFI14,trumpetweed,eufi_001_shp.jpg,https://plants.sc.egov.usda.gov/ImageLibrary/standard/eufi_001_shp.jpg
35659,EUPU21,sweetscented joe pye weed,eupu10_001_svd.jpg,https://plants.sc.egov.usda.gov/ImageLibrary/standard/eupu10_001_svd.jpg
89751,FRVI,Virginia strawberry,frvi_002_svp.jpg,https://plants.sc.egov.usda.gov/ImageLibrary/standard/frvi_002_svp.jpg
44077,GECL,bottle gentian,gecl_001_shp.jpg,https://plants.sc.egov.usda.gov/ImageLibrary/standard/gecl_001_shp.jpg
83748,GEMA,spotted geranium,gema_004_shp.jpg,https://plants.sc.egov.usda.gov/ImageLibrary/standard/gema_004_shp.jpg
91870,WAFR,Appalachian barren strawberry,wafr_002_shp.jpg,https://plants.sc.egov.usda.gov/ImageLibrary/standard/wafr_002_shp.jpg
89856,GITR6,Bowman's root,gitr6_001_svp.jpg,https://plants.sc.egov.usda.gov/ImageLibrary/standard/gitr6_001_svp.jpg
36117,HEAU,common sneezeweed,heau_002_shp.jpg,https://plants.sc.egov.usda.gov/ImageLibrary/standard/heau_002_shp.jpg
36143,HEFL,purplehead sneezeweed,hefl_001_shp.jpg,https://plants.sc.egov.usda.gov/ImageLibrary/standard/hefl_001_shp.jpg
36186,HEAN2,swamp sunflower,hean2_002_shp.jpg,https://plants.sc.egov.usda.gov/ImageLibrary/standard/hean2_002_shp.jpg
36212,HEDE,thinleaf sunflower,hede_002_svp.jpg,https://plants.sc.egov.usda.gov/ImageLibrary/standard/hede_002_svp.jpg
36227,HEDI2,woodland sunflower,hedi2_003_svp.jpg,https://plants.sc.egov.usda.gov/ImageLibrary/standard/hedi2_003_svp.jpg
36245,HEGR4,sawtooth sunflower,hegr4_002_svp.jpg,https://plants.sc.egov.usda.gov/ImageLibrary/standard/hegr4_002_svp.jpg
36265,HEMA2,Maximilian sunflower,hema2_002_svp.jpg,https://plants.sc.egov.usda.gov/ImageLibrary/standard/hema2_002_svp.jpg
36339,HETU,Jerusalem artichoke,hetu_004_svp.jpg,https://plants.sc.egov.usda.gov/ImageLibrary/standard/hetu_004_svp.jpg
36349,HEHE5,smooth oxeye,hehe5_002_shp.jpg,https://plants.sc.egov.usda.gov/ImageLibrary/standard/hehe5_002_shp.jpg
73127,HENOA,sharplobe hepatica,henoa_001_shp.jpg,https://plants.sc.egov.usda.gov/ImageLibrary/standard/henoa_001_shp.jpg
73132,HENOO,roundlobe hepatica,henoo_001_shp.jpg,https://plants.sc.egov.usda.gov/ImageLibrary/standard/henoo_001_shp.jpg
73126,HENO2,hepatica,heno2_001_svp.jpg,https://plants.sc.egov.usda.gov/ImageLibrary/standard/heno2_001_svp.jpg
74048,HEMA80,common cowparsnip,hela4_004_shp.jpg,https://plants.sc.egov.usda.gov/ImageLibrary/standard/hela4_004_shp.jpg
91943,HEAM6,American alumroot,heam6_002_svp.jpg,https://plants.sc.egov.usda.gov/ImageLibrary/standard/heam6_002_svp.jpg
92054,HEVI2,hairy alumroot,hevi2_002_shp.jpg,https://plants.sc.egov.usda.gov/ImageLibrary/standard/hevi2_002_shp.jpg
66037,HILA2,halberdleaf rosemallow,hila2_001_svp.jpg,https://plants.sc.egov.usda.gov/ImageLibrary/standard/hila2_001_svp.jpg
66050,HIMO,crimsoneyed rosemallow,hima6_001_svp.jpg,https://plants.sc.egov.usda.gov/ImageLibrary/standard/hima6_001_svp.jpg
48282,HOCA4,azure bluet,hoca4_002_svp.jpg,https://plants.sc.egov.usda.gov/ImageLibrary/standard/hoca4_002_svp.jpg
48300,HOLO,longleaf summer bluet,holo_001_svd.jpg,https://plants.sc.egov.usda.gov/ImageLibrary/standard/holo_001_svd.jpg
92324,SAMI5,Michaux's saxifrage,hype7_001_svd.jpg,https://plants.sc.egov.usda.gov/ImageLibrary/standard/hype7_001_svd.jpg
87828,HYTE9,Allegheny stonecrop,hyte9_001_svp.jpg,https://plants.sc.egov.usda.gov/ImageLibrary/standard/hyte9_001_svp.jpg
28744,HYHI2,common goldstar,hyhi2_002_svp.jpg,https://plants.sc.egov.usda.gov/ImageLibrary/standard/hyhi2_002_svp.jpg
83642,IMCA,jewelweed,imca_002_shp.jpg,https://plants.sc.egov.usda.gov/ImageLibrary/standard/imca_002_shp.jpg
83653,IMPA,pale touch-me-not,impa_002_shp.jpg,https://plants.sc.egov.usda.gov/ImageLibrary/standard/impa_002_shp.jpg
27431,IRCR,dwarf crested iris,ircr_002_shp.jpg,https://plants.sc.egov.usda.gov/ImageLibrary/standard/ircr_002_shp.jpg
27615,IRVE,dwarf violet iris,irve_002_shp.jpg,https://plants.sc.egov.usda.gov/ImageLibrary/standard/irve_002_shp.jpg
27619,IRVE2,harlequin blueflag,irve2_005_shp.jpg,https://plants.sc.egov.usda.gov/ImageLibrary/standard/irve2_005_shp.jpg
27620,IRVI,Virginia iris,irve2_002_svp.jpg,https://plants.sc.egov.usda.gov/ImageLibrary/standard/irve2_002_svp.jpg
72325,JEDI,twinleaf,jedi_002_shp.jpg,https://plants.sc.egov.usda.gov/ImageLibrary/standard/jedi_002_shp.jpg
48923,JUAM,American water-willow,juam_001_svp.jpg,https://plants.sc.egov.usda.gov/ImageLibrary/standard/juam_001_svp.jpg
16464,LEMI3,common duckweed,lemi3_002_shp.jpg,https://plants.sc.egov.usda.gov/ImageLibrary/standard/lemi3_002_shp.jpg
79847,LECA8,roundhead lespedeza,leca8_002_svp.jpg,https://plants.sc.egov.usda.gov/ImageLibrary/standard/leca8_002_svp.jpg
79866,LEHI2,hairy lespedeza,lehi2_002_svp.jpg,https://plants.sc.egov.usda.gov/ImageLibrary/standard/lehi2_002_svp.jpg
37426,LIPI7,shaggy blazing star,lipi7_001_svp.jpg,https://plants.sc.egov.usda.gov/ImageLibrary/standard/lipi7_001_svp.jpg
37426,LIPI7,shaggy blazing star,lipi7_001_svp.jpg,https://plants.sc.egov.usda.gov/ImageLibrary/standard/lipi7_001_svp.jpg
37462,LISP,dense blazing star,lisp_001_svp.jpg,https://plants.sc.egov.usda.gov/ImageLibrary/standard/lisp_001_svp.jpg
37468,LISQ,scaly blazing star,lisq_001_svp.jpg,https://plants.sc.egov.usda.gov/ImageLibrary/standard/lisq_001_svp.jpg
28769,LICA3,Canada lily,lica3_002_shp.jpg,https://plants.sc.egov.usda.gov/ImageLibrary/standard/lica3_002_shp.jpg
28836,LISU,turk's-cap lily,lisu_002_shp.jpg,https://plants.sc.egov.usda.gov/ImageLibrary/standard/lisu_002_shp.jpg
42478,LOCA2,cardinalflower,loca2_003_svp.jpg,https://plants.sc.egov.usda.gov/ImageLibrary/standard/loca2_003_svp.jpg
42561,LOSI,great blue lobelia,losi_003_svp.jpg,https://plants.sc.egov.usda.gov/ImageLibrary/standard/losi_003_svp.jpg
86072,LUAL2,seedbox,lual2_002_shp.jpg,https://plants.sc.egov.usda.gov/ImageLibrary/standard/lual2_002_shp.jpg
80872,LUPE3,sundial lupine,lupe3_002_shp.jpg,https://plants.sc.egov.usda.gov/ImageLibrary/standard/lupe3_002_shp.jpg
45838,LYAM,American water horehound,lyam_002_svp.jpg,https://plants.sc.egov.usda.gov/ImageLibrary/standard/lyam_002_svp.jpg
45866,LYVI4,Virginia water horehound,lyvi4_002_svp.jpg,https://plants.sc.egov.usda.gov/ImageLibrary/standard/lyvi4_002_svp.jpg
28891,MARAR,feathery false lily of the valley,marar_001_svp.jpg,https://plants.sc.egov.usda.gov/ImageLibrary/standard/marar_001_svp.jpg
27143,MAVI5,false aloe,mavi5_002_shp.jpg,https://plants.sc.egov.usda.gov/ImageLibrary/standard/mavi5_002_shp.jpg
45887,MEAR4,wild mint,mear4_002_svp.jpg,https://plants.sc.egov.usda.gov/ImageLibrary/standard/mear4_002_svp.jpg
45201,MEVI3,Virginia bluebells,mevi3_002_shp.jpg,https://plants.sc.egov.usda.gov/ImageLibrary/standard/mevi3_002_shp.jpg
92484,SAVI5,early saxifrage,savi5_001_shp.jpg,https://plants.sc.egov.usda.gov/ImageLibrary/standard/savi5_001_shp.jpg
51235,MIAL2,sharpwing monkeyflower,mial2_002_shp.jpg,https://plants.sc.egov.usda.gov/ImageLibrary/standard/mial2_002_shp.jpg
51509,MIRI,Allegheny monkeyflower,miri_002_shp.jpg,https://plants.sc.egov.usda.gov/ImageLibrary/standard/miri_002_shp.jpg
45953,MODI,scarlet beebalm,modi_002_svp.jpg,https://plants.sc.egov.usda.gov/ImageLibrary/standard/modi_002_svp.jpg
45955,MOFI,wild bergamot,mofi_002_shp.jpg,https://plants.sc.egov.usda.gov/ImageLibrary/standard/mofi_002_shp.jpg
45971,MOME,purple bergamot,mome_001_svd.jpg,https://plants.sc.egov.usda.gov/ImageLibrary/standard/mome_001_svd.jpg
45974,MOPU,spotted beebalm,mopu_002_svp.jpg,https://plants.sc.egov.usda.gov/ImageLibrary/standard/mopu_002_svp.jpg
71666,NULU,yellow pond-lily,nulu_001_svp.jpg,https://plants.sc.egov.usda.gov/ImageLibrary/standard/nulu_001_svp.jpg
71742,NYOD,American white waterlily,nyod_001_shp.jpg,https://plants.sc.egov.usda.gov/ImageLibrary/standard/nyod_001_shp.jpg
86182,OEBI,common evening primrose,oebi_003_shp.jpg,https://plants.sc.egov.usda.gov/ImageLibrary/standard/oebi_003_shp.jpg
86339,OEFR,narrowleaf evening primrose,oefr_001_svp.jpg,https://plants.sc.egov.usda.gov/ImageLibrary/standard/oefr_001_svp.jpg
56850,OPHU,devil's-tongue,ophu_002_shp.jpg,https://plants.sc.egov.usda.gov/ImageLibrary/standard/ophu_002_shp.jpg
16384,ORAQ,goldenclub,oraq_002_shp.jpg,https://plants.sc.egov.usda.gov/ImageLibrary/standard/oraq_002_shp.jpg
75287,PAPR7,Allegheny-spurge,papr7_002_svp.jpg,https://plants.sc.egov.usda.gov/ImageLibrary/standard/papr7_002_svp.jpg
38300,PAAN6,Small's ragwort,sesm3_001_svd.jpg,https://plants.sc.egov.usda.gov/ImageLibrary/standard/sesm3_001_svd.jpg
38305,PAAU3,golden ragwort,paau3_001_svd.jpg,https://plants.sc.egov.usda.gov/ImageLibrary/standard/paau3_001_svd.jpg
38436,PAOB6,roundleaf ragwort,paob6_001_svp.jpg,https://plants.sc.egov.usda.gov/ImageLibrary/standard/paob6_001_svp.jpg
57782,PAAR4,silvery nailwort,paar4_1h.jpg,https://plants.sc.egov.usda.gov/ImageLibrary/standard/paar4_1h.jpg
57792,PACA11,smooth forked nailwort,anca16_001_svd.jpg,https://plants.sc.egov.usda.gov/ImageLibrary/standard/anca16_001_svd.jpg
16390,PEVI,green arrow arum,pevi_002_shp.jpg,https://plants.sc.egov.usda.gov/ImageLibrary/standard/pevi_002_shp.jpg
51852,PECA8,eastern gray beardtongue,peca8_1v.jpg,https://plants.sc.egov.usda.gov/ImageLibrary/standard/peca8_1v.jpg
51926,PEDI,foxglove beardtongue,pedi_003_shp.jpg,https://plants.sc.egov.usda.gov/ImageLibrary/standard/pedi_003_shp.jpg
52048,PEHI,hairy beardtongue,pehi_002_shp.jpg,https://plants.sc.egov.usda.gov/ImageLibrary/standard/pehi_002_shp.jpg
52088,PELA8,eastern smooth beardtongue,pepe17_001_svd.jpg,https://plants.sc.egov.usda.gov/ImageLibrary/standard/pepe17_001_svd.jpg
52182,PEPA7,pale beardtongue,pepa7_001_svd.jpg,https://plants.sc.egov.usda.gov/ImageLibrary/standard/pepa7_001_svd.jpg
87864,PESE6,ditch stonecrop,pese6_004_shp.jpg,https://plants.sc.egov.usda.gov/ImageLibrary/standard/pese6_004_shp.jpg
61592,POVI2,jumpseed,povi2_001_svp.jpg,https://plants.sc.egov.usda.gov/ImageLibrary/standard/povi2_001_svp.jpg
59981,PHTE18,quill fameflower,tate_002_shp.jpg,https://plants.sc.egov.usda.gov/ImageLibrary/standard/tate_002_shp.jpg
54583,PHCA19,thickleaf phlox,phca19_001_shp.jpg,https://plants.sc.egov.usda.gov/ImageLibrary/standard/phca19_001_shp.jpg
54611,PHDI5,wild blue phlox,phdi5_002_shp.jpg,https://plants.sc.egov.usda.gov/ImageLibrary/standard/phdi5_002_shp.jpg
54638,PHGL4,smooth phlox,phgl4_002_svp.jpg,https://plants.sc.egov.usda.gov/ImageLibrary/standard/phgl4_002_svp.jpg
54725,PHPA9,fall phlox,phpa9_002_svp.jpg,https://plants.sc.egov.usda.gov/ImageLibrary/standard/phpa9_002_svp.jpg
54789,PHST3,creeping phlox,phst3_002_shp.jpg,https://plants.sc.egov.usda.gov/ImageLibrary/standard/phst3_002_shp.jpg
54790,PHSU3,moss phlox,phsu3_002_svp.jpg,https://plants.sc.egov.usda.gov/ImageLibrary/standard/phsu3_002_svp.jpg
46245,PHVI8,obedient plant,phvi8_002_shp.jpg,https://plants.sc.egov.usda.gov/ImageLibrary/standard/phvi8_002_shp.jpg
72389,POPE,mayapple,pope_002_svp.jpg,https://plants.sc.egov.usda.gov/ImageLibrary/standard/pope_002_svp.jpg
54898,PORE2,Greek valerian,hyco7_001_shp.jpg,https://plants.sc.egov.usda.gov/ImageLibrary/standard/hyco7_001_shp.jpg
29031,POBI2,smooth Solomon's seal,pobi2_002_svp.jpg,https://plants.sc.egov.usda.gov/ImageLibrary/standard/pobi2_002_svp.jpg
61205,POAM8,water knotweed,poam8_001_shp.jpg,https://plants.sc.egov.usda.gov/ImageLibrary/standard/poam8_001_shp.jpg
61392,POHY2,swamp smartweed,pohy2_001_shp.jpg,https://plants.sc.egov.usda.gov/ImageLibrary/standard/pohy2_001_shp.jpg
61462,POPE2,Pennsylvania smartweed,pope2_001_shp.jpg,https://plants.sc.egov.usda.gov/ImageLibrary/standard/pope2_001_shp.jpg
61516,POPU5,dotted smartweed,popu5_001_svp.jpg,https://plants.sc.egov.usda.gov/ImageLibrary/standard/popu5_001_svp.jpg
29532,POCO14,pickerelweed,poco14_002_svp.jpg,https://plants.sc.egov.usda.gov/ImageLibrary/standard/poco14_002_svp.jpg
16105,PONO2,longleaf pondweed,pono2_001_shp.jpg,https://plants.sc.egov.usda.gov/ImageLibrary/standard/pono2_001_shp.jpg
46300,PRVU,common selfheal,prvu_002_shp.jpg,https://plants.sc.egov.usda.gov/ImageLibrary/standard/prvu_002_shp.jpg
46333,PYIN,hoary mountainmint,pyin_001_shp.jpg,https://plants.sc.egov.usda.gov/ImageLibrary/standard/pyin_001_shp.jpg
46345,PYMU,clustered mountainmint,pymu_001_shp.jpg,https://plants.sc.egov.usda.gov/ImageLibrary/standard/pymu_001_shp.jpg
46359,PYTE,narrowleaf mountainmint,pyte_001_shp.jpg,https://plants.sc.egov.usda.gov/ImageLibrary/standard/pyte_001_shp.jpg
46373,PYVI,Virginia mountainmint,kovi3_001_svd.jpg,https://plants.sc.egov.usda.gov/ImageLibrary/standard/kovi3_001_svd.jpg
73194,RAAB,littleleaf buttercup,raab_002_svp.jpg,https://plants.sc.egov.usda.gov/ImageLibrary/standard/raab_002_svp.jpg
73366,RAHI,bristly buttercup,rahi_002_shp.jpg,https://plants.sc.egov.usda.gov/ImageLibrary/standard/rahi_002_shp.jpg
84572,RHVI,handsome Harry,rhvi_002_svp.jpg,https://plants.sc.egov.usda.gov/ImageLibrary/standard/rhvi_002_svp.jpg
39449,RUFU2,orange coneflower,rufu2_002_shp.jpg,https://plants.sc.egov.usda.gov/ImageLibrary/standard/rufu2_002_shp.jpg
39478,RUHI2,blackeyed Susan,ruhi2_002_shp.jpg,https://plants.sc.egov.usda.gov/ImageLibrary/standard/ruhi2_002_shp.jpg
39504,RULA3,cutleaf coneflower,rula3_002_svp.jpg,https://plants.sc.egov.usda.gov/ImageLibrary/standard/rula3_002_svp.jpg
39530,RUTR2,browneyed Susan,rutr2_1v.jpg,https://plants.sc.egov.usda.gov/ImageLibrary/standard/rutr2_1v.jpg
49040,RUCA4,Carolina wild petunia,ruca4_001_svp.jpg,https://plants.sc.egov.usda.gov/ImageLibrary/standard/ruca4_001_svp.jpg
15829,SALA2,broadleaf arrowhead,sala2_002_svp.jpg,https://plants.sc.egov.usda.gov/ImageLibrary/standard/sala2_002_svp.jpg
46470,SALY2,lyreleaf sage,saly2_002_svp.jpg,https://plants.sc.egov.usda.gov/ImageLibrary/standard/saly2_002_svp.jpg
72090,SACA13,bloodroot,saca13_002_svp.jpg,https://plants.sc.egov.usda.gov/ImageLibrary/standard/saca13_002_svp.jpg
72290,SACE,lizard's tail,sace_002_shp.jpg,https://plants.sc.egov.usda.gov/ImageLibrary/standard/sace_002_shp.jpg
46588,SCIN2,helmet flower,scin2_002_svp.jpg,https://plants.sc.egov.usda.gov/ImageLibrary/standard/scin2_002_svp.jpg
87946,SEGL3,cliff stonecrop,segl3_001_shp.jpg,https://plants.sc.egov.usda.gov/ImageLibrary/standard/segl3_001_shp.jpg
88052,SETE3,woodland stonecrop,sete3_1h.jpg,https://plants.sc.egov.usda.gov/ImageLibrary/standard/sete3_1h.jpg
82342,SEHE3,American senna,sehe3_001_shp.jpg,https://plants.sc.egov.usda.gov/ImageLibrary/standard/sehe3_001_shp.jpg
82366,SEMA11,Maryland senna,sema11_001_shp.jpg,https://plants.sc.egov.usda.gov/ImageLibrary/standard/sema11_001_shp.jpg
91720,SITR3,shrubby fivefingers,sitr3_001_svd.jpg,https://plants.sc.egov.usda.gov/ImageLibrary/standard/sitr3_001_svd.jpg
58049,SICA6,sticky catchfly,sica6_004_shp.jpg,https://plants.sc.egov.usda.gov/ImageLibrary/standard/sica6_004_shp.jpg
58049,SICA6,sticky catchfly,sica6_004_shp.jpg,https://plants.sc.egov.usda.gov/ImageLibrary/standard/sica6_004_shp.jpg
58258,SIST,widowsfrill,sist_002_svp.jpg,https://plants.sc.egov.usda.gov/ImageLibrary/standard/sist_002_svp.jpg
58330,SIVI4,fire pink,sivi4_002_shp.jpg,https://plants.sc.egov.usda.gov/ImageLibrary/standard/sivi4_002_shp.jpg
39867,SIPE2,cup plant,sipe2_002_svp.jpg,https://plants.sc.egov.usda.gov/ImageLibrary/standard/sipe2_002_svp.jpg
39887,SITR7,whorled rosinweed,sitr7_002_shp.jpg,https://plants.sc.egov.usda.gov/ImageLibrary/standard/sitr7_002_shp.jpg
27691,SIAN3,narrowleaf blue-eyed grass,sian3_002_shp.jpg,https://plants.sc.egov.usda.gov/ImageLibrary/standard/sian3_002_shp.jpg
27760,SIMO2,strict blue-eyed grass,simo2_001_shp.jpg,https://plants.sc.egov.usda.gov/ImageLibrary/standard/simo2_001_shp.jpg
39957,SOCA6,Canada goldenrod,soca6_002_shp.jpg,https://plants.sc.egov.usda.gov/ImageLibrary/standard/soca6_002_shp.jpg
39948,SOBI,white goldenrod,sobi_002_svp.jpg,https://plants.sc.egov.usda.gov/ImageLibrary/standard/sobi_002_svp.jpg
39952,SOCA4,wreath goldenrod,soca4_002_shp.jpg,https://plants.sc.egov.usda.gov/ImageLibrary/standard/soca4_002_shp.jpg
39995,SOFL2,zigzag goldenrod,sofl2_002_svp.jpg,https://plants.sc.egov.usda.gov/ImageLibrary/standard/sofl2_002_svp.jpg
39998,SOGI,giant goldenrod,sogi_001_shp.jpg,https://plants.sc.egov.usda.gov/ImageLibrary/standard/sogi_001_shp.jpg
40024,SOJU,early goldenrod,soju_002_shp.jpg,https://plants.sc.egov.usda.gov/ImageLibrary/standard/soju_002_shp.jpg
40070,SONE,gray goldenrod,sone_002_svp.jpg,https://plants.sc.egov.usda.gov/ImageLibrary/standard/sone_002_svp.jpg
40081,SOOD,anisescented goldenrod,sood_002_shp.jpg,https://plants.sc.egov.usda.gov/ImageLibrary/standard/sood_002_shp.jpg
40102,SOPI,Small's goldenrod,sopi_001_shp.jpg,https://plants.sc.egov.usda.gov/ImageLibrary/standard/sopi_001_shp.jpg
40105,SOPU,downy goldenrod,sopu_001_svd.jpg,https://plants.sc.egov.usda.gov/ImageLibrary/standard/sopu_001_svd.jpg
40120,SORU2,wrinkleleaf goldenrod,soru2_002_svp.jpg,https://plants.sc.egov.usda.gov/ImageLibrary/standard/soru2_002_svp.jpg
40183,SOSP2,showy goldenrod,sosp2_002_svp.jpg,https://plants.sc.egov.usda.gov/ImageLibrary/standard/sosp2_002_svp.jpg
30717,SPCE,nodding lady's tresses,spce_001_svp.jpg,https://plants.sc.egov.usda.gov/ImageLibrary/standard/spce_001_svp.jpg
46776,STTE,smooth hedgenettle,stte_002_shp.jpg,https://plants.sc.egov.usda.gov/ImageLibrary/standard/stte_002_shp.jpg
40476,SYCO3,eastern silver aster,asco2_002_shp.jpg,https://plants.sc.egov.usda.gov/ImageLibrary/standard/asco2_002_shp.jpg
40483,SYCO4,common blue wood aster,asco4_002_svp.jpg,https://plants.sc.egov.usda.gov/ImageLibrary/standard/asco4_002_svp.jpg
40703,SYLAL7,calico aster,ashi4_001_svd.jpg,https://plants.sc.egov.usda.gov/ImageLibrary/standard/ashi4_001_svd.jpg
40770,SYNO2,New England aster,syno2_001_shp.jpg,https://plants.sc.egov.usda.gov/ImageLibrary/standard/syno2_001_shp.jpg
40782,SYNON,New York aster,asju6_001_svd.jpg,https://plants.sc.egov.usda.gov/ImageLibrary/standard/asju6_001_svd.jpg
40799,SYOB,aromatic aster,syob_001_shp.jpg,https://plants.sc.egov.usda.gov/ImageLibrary/standard/syob_001_shp.jpg
40863,SYPIP3,hairy white oldfield aster,sypip3_001_svp.jpg,https://plants.sc.egov.usda.gov/ImageLibrary/standard/sypip3_001_svp.jpg
40911,SYPUP,purplestem aster,aslu_001_shp.jpg,https://plants.sc.egov.usda.gov/ImageLibrary/standard/aslu_001_shp.jpg
16426,SYFO,skunk cabbage,syfo_001_svp.jpg,https://plants.sc.egov.usda.gov/ImageLibrary/standard/syfo_001_svp.jpg
41140,TAOF,common dandelion,taof_001_shp.jpg,https://plants.sc.egov.usda.gov/ImageLibrary/standard/taof_001_shp.jpg
46862,TECA3,Canada germander,teca3_003_svp.jpg,https://plants.sc.egov.usda.gov/ImageLibrary/standard/teca3_003_svp.jpg
73609,THDI,early meadow-rue,thdi_002_shp.jpg,https://plants.sc.egov.usda.gov/ImageLibrary/standard/thdi_002_shp.jpg
73633,THPU2,king of the meadow,thpo8_002_svp.jpg,https://plants.sc.egov.usda.gov/ImageLibrary/standard/thpo8_002_svp.jpg
73640,THRE,waxyleaf meadow-rue,thre_002_shp.jpg,https://plants.sc.egov.usda.gov/ImageLibrary/standard/thre_002_shp.jpg
73649,THTH2,rue anemone,thth2_001_shp.jpg,https://plants.sc.egov.usda.gov/ImageLibrary/standard/thth2_001_shp.jpg
92518,TICO,heartleaf foamflower,tico_002_svp.jpg,https://plants.sc.egov.usda.gov/ImageLibrary/standard/tico_002_svp.jpg
17027,TRVI,Virginia spiderwort,trvi_002_svp.jpg,https://plants.sc.egov.usda.gov/ImageLibrary/standard/trvi_002_svp.jpg
46917,TRDI2,forked bluecurls,trdi2_002_shp.jpg,https://plants.sc.egov.usda.gov/ImageLibrary/standard/trdi2_002_shp.jpg
29217,TRGR4,white trillium,trgr4_002_shp.jpg,https://plants.sc.egov.usda.gov/ImageLibrary/standard/trgr4_002_shp.jpg
15946,VAAM3,American eelgrass,vaam3_001_shp.jpg,https://plants.sc.egov.usda.gov/ImageLibrary/standard/vaam3_001_shp.jpg
47330,VEHA2,swamp verbena,veha2_002_svp.jpg,https://plants.sc.egov.usda.gov/ImageLibrary/standard/veha2_002_svp.jpg
41717,VENO,New York ironweed,veno_002_shp.jpg,https://plants.sc.egov.usda.gov/ImageLibrary/standard/veno_002_shp.jpg
52579,VEAM2,American speedwell,veam2_002_shp.jpg,https://plants.sc.egov.usda.gov/ImageLibrary/standard/veam2_002_shp.jpg
69604,VICU,marsh blue violet,vicu_002_shp.jpg,https://plants.sc.egov.usda.gov/ImageLibrary/standard/vicu_002_shp.jpg
69719,VIPE,birdfoot violet,vipe_002_svp.jpg,https://plants.sc.egov.usda.gov/ImageLibrary/standard/vipe_002_svp.jpg
69760,VIPU3,downy yellow violet,vipu3_002_shp.jpg,https://plants.sc.egov.usda.gov/ImageLibrary/standard/vipu3_002_shp.jpg
69816,VISO,common blue violet,viso_002_shp.jpg,https://plants.sc.egov.usda.gov/ImageLibrary/standard/viso_002_shp.jpg
69824,VIST3,striped cream violet,vist3_002_shp.jpg,https://plants.sc.egov.usda.gov/ImageLibrary/standard/vist3_002_shp.jpg
27210,YUFI,Adam's needle,yufi_002_shp.jpg,https://plants.sc.egov.usda.gov/ImageLibrary/standard/yufi_002_shp.jpg
74665,ZIAU,golden zizia,ziau_002_svp.jpg,https://plants.sc.egov.usda.gov/ImageLibrary/standard/ziau_002_svp.jpg
92814,ACNE2,boxelder,acne2_002_shp.jpg,https://plants.sc.egov.usda.gov/ImageLibrary/standard/acne2_002_shp.jpg
92846,ACRU,red maple,acru_002_shp.jpg,https://plants.sc.egov.usda.gov/ImageLibrary/standard/acru_002_shp.jpg
92860,ACSA2,silver maple,acsa2_002_shp.jpg,https://plants.sc.egov.usda.gov/ImageLibrary/standard/acsa2_002_shp.jpg
92865,ACSA3,sugar maple,acsa3_002_svp.jpg,https://plants.sc.egov.usda.gov/ImageLibrary/standard/acsa3_002_svp.jpg
93131,AEFL,yellow buckeye,aefl_001_svp.jpg,https://plants.sc.egov.usda.gov/ImageLibrary/standard/aefl_001_svp.jpg
69950,BEAL2,yellow birch,beal2_002_shp.jpg,https://plants.sc.egov.usda.gov/ImageLibrary/standard/beal2_002_shp.jpg
69974,BELE,sweet birch,bele_002_shp.jpg,https://plants.sc.egov.usda.gov/ImageLibrary/standard/bele_002_shp.jpg
69997,BENI,river birch,beni_002_shp.jpg,https://plants.sc.egov.usda.gov/ImageLibrary/standard/beni_002_shp.jpg
70004,BEPA,paper birch,bepa_002_svp.jpg,https://plants.sc.egov.usda.gov/ImageLibrary/standard/bepa_002_svp.jpg
70649,CATO6,mockernut hickory,caal27_001_shp.jpg,https://plants.sc.egov.usda.gov/ImageLibrary/standard/caal27_001_shp.jpg
70586,CACO15,bitternut hickory,caco15_001_shp.jpg,https://plants.sc.egov.usda.gov/ImageLibrary/standard/caco15_001_shp.jpg
70594,CAGL8,pignut hickory,cagl8_001_svp.jpg,https://plants.sc.egov.usda.gov/ImageLibrary/standard/cagl8_001_svp.jpg
70608,CAIL2,pecan,cail2_001_svp.jpg,https://plants.sc.egov.usda.gov/ImageLibrary/standard/cail2_001_svp.jpg
70622,CAOV2,shagbark hickory,caov2_001_svp.jpg,https://plants.sc.egov.usda.gov/ImageLibrary/standard/caov2_001_svp.jpg
49194,CASP8,northern catalpa,casp8_002_shp.jpg,https://plants.sc.egov.usda.gov/ImageLibrary/standard/casp8_002_shp.jpg
70944,CEOC,common hackberry,ceoc_002_svp.jpg,https://plants.sc.egov.usda.gov/ImageLibrary/standard/ceoc_002_svp.jpg
64536,DIVI5,common persimmon,divi5_002_svp.jpg,https://plants.sc.egov.usda.gov/ImageLibrary/standard/divi5_002_svp.jpg
70143,FAGR,American beech,fagr_002_svp.jpg,https://plants.sc.egov.usda.gov/ImageLibrary/standard/fagr_002_svp.jpg
49739,FRAM2,white ash,fram2_002_shp.jpg,https://plants.sc.egov.usda.gov/ImageLibrary/standard/fram2_002_shp.jpg
49771,FRNI,black ash,frni_002_shp.jpg,https://plants.sc.egov.usda.gov/ImageLibrary/standard/frni_002_shp.jpg
49774,FRPE,green ash,frpe_002_svp.jpg,https://plants.sc.egov.usda.gov/ImageLibrary/standard/frpe_002_svp.jpg
79383,GLTR,honeylocust,gltr_002_shp.jpg,https://plants.sc.egov.usda.gov/ImageLibrary/standard/gltr_002_shp.jpg
74958,ILOP,American holly,ilop_002_shp.jpg,https://plants.sc.egov.usda.gov/ImageLibrary/standard/ilop_002_shp.jpg
70665,JUCI,butternut,juci_002_svp.jpg,https://plants.sc.egov.usda.gov/ImageLibrary/standard/juci_002_svp.jpg
70684,JUNI,black walnut,juni_002_svp.jpg,https://plants.sc.egov.usda.gov/ImageLibrary/standard/juni_002_svp.jpg
15261,JUVI,eastern redcedar,juvi_003_svp.jpg,https://plants.sc.egov.usda.gov/ImageLibrary/standard/juvi_003_svp.jpg
70557,LIST2,sweetgum,list2_002_shp.jpg,https://plants.sc.egov.usda.gov/ImageLibrary/standard/list2_002_shp.jpg
71551,LITU,tuliptree,litu_002_svp.jpg,https://plants.sc.egov.usda.gov/ImageLibrary/standard/litu_002_svp.jpg
71553,MAAC,cucumber tree,maac_002_shp.jpg,https://plants.sc.egov.usda.gov/ImageLibrary/standard/maac_002_shp.jpg
70892,MORU2,red mulberry,moru2_003_shp.jpg,https://plants.sc.egov.usda.gov/ImageLibrary/standard/moru2_003_shp.jpg
75248,NYSY,blackgum,nysy_002_shp.jpg,https://plants.sc.egov.usda.gov/ImageLibrary/standard/nysy_002_shp.jpg
65298,OXAR,sourwood,oxar_002_shp.jpg,https://plants.sc.egov.usda.gov/ImageLibrary/standard/oxar_002_shp.jpg
15448,PIEC2,shortleaf pine,piec2_002_svp.jpg,https://plants.sc.egov.usda.gov/ImageLibrary/standard/piec2_002_svp.jpg
15545,PIPU5,Table Mountain pine,pipu5_002_shp.jpg,https://plants.sc.egov.usda.gov/ImageLibrary/standard/pipu5_002_shp.jpg
15556,PIRI,pitch pine,piri_002_shp.jpg,https://plants.sc.egov.usda.gov/ImageLibrary/standard/piri_002_shp.jpg
15568,PIST,eastern white pine,pist_002_shp.jpg,https://plants.sc.egov.usda.gov/ImageLibrary/standard/pist_002_shp.jpg
15576,PITA,loblolly pine,pita_002_shp.jpg,https://plants.sc.egov.usda.gov/ImageLibrary/standard/pita_002_shp.jpg
15586,PIVI2,Virginia pine,pivi2_002_svp.jpg,https://plants.sc.egov.usda.gov/ImageLibrary/standard/pivi2_002_svp.jpg
70568,PLOC,American sycamore,ploc_002_shp.jpg,https://plants.sc.egov.usda.gov/ImageLibrary/standard/ploc_002_shp.jpg
67422,PODE3,eastern cottonwood,pode3_002_svp.jpg,https://plants.sc.egov.usda.gov/ImageLibrary/standard/pode3_002_svp.jpg
67466,POGR4,bigtooth aspen,pogr4_002_shp.jpg,https://plants.sc.egov.usda.gov/ImageLibrary/standard/pogr4_002_shp.jpg
67496,POTR5,quaking aspen,potr10_001_shp.jpg,https://plants.sc.egov.usda.gov/ImageLibrary/standard/potr10_001_shp.jpg
90650,PRSE2,black cherry,prse2_001_svp.jpg,https://plants.sc.egov.usda.gov/ImageLibrary/standard/prse2_001_svp.jpg
70172,QUAL,white oak,qual_002_shp.jpg,https://plants.sc.egov.usda.gov/ImageLibrary/standard/qual_002_shp.jpg
70193,QUBI,swamp white oak,qubi_002_shp.jpg,https://plants.sc.egov.usda.gov/ImageLibrary/standard/qubi_002_shp.jpg
70219,QUCO2,scarlet oak,quco2_002_svp.jpg,https://plants.sc.egov.usda.gov/ImageLibrary/standard/quco2_002_svp.jpg
70250,QUFA,southern red oak,qufa_001_svp.jpg,https://plants.sc.egov.usda.gov/ImageLibrary/standard/qufa_001_svp.jpg
70379,QUMI,swamp chestnut oak,qumi_002_shp.jpg,https://plants.sc.egov.usda.gov/ImageLibrary/standard/qumi_002_shp.jpg
70412,QUPA2,pin oak,qupa2_002_shp.jpg,https://plants.sc.egov.usda.gov/ImageLibrary/standard/qupa2_002_shp.jpg
70432,QUPH,willow oak,quph_002_shp.jpg,https://plants.sc.egov.usda.gov/ImageLibrary/standard/quph_002_shp.jpg
70387,QUMO4,chestnut oak,qupr2_002_shp.jpg,https://plants.sc.egov.usda.gov/ImageLibrary/standard/qupr2_002_shp.jpg
70448,QURU,northern red oak,quru_003_shp.jpg,https://plants.sc.egov.usda.gov/ImageLibrary/standard/quru_003_shp.jpg
70488,QUST,post oak,qust_002_svp.jpg,https://plants.sc.egov.usda.gov/ImageLibrary/standard/qust_002_svp.jpg
70523,QUVE,black oak,quve_002_shp.jpg,https://plants.sc.egov.usda.gov/ImageLibrary/standard/quve_002_shp.jpg
82163,ROPS,black locust,rops_002_svp.jpg,https://plants.sc.egov.usda.gov/ImageLibrary/standard/rops_002_svp.jpg
68068,SANI,black willow,sani_003_shp.jpg,https://plants.sc.egov.usda.gov/ImageLibrary/standard/sani_003_shp.jpg
71455,SAAL5,sassafras,saal5_001_svp.jpg,https://plants.sc.egov.usda.gov/ImageLibrary/standard/saal5_001_svp.jpg
66729,TIAM,American basswood,tiam_002_svp.jpg,https://plants.sc.egov.usda.gov/ImageLibrary/standard/tiam_002_svp.jpg
15604,TSCA,eastern hemlock,tsca_002_shp.jpg,https://plants.sc.egov.usda.gov/ImageLibrary/standard/tsca_002_shp.jpg
70987,ULAM,American elm,ulam_002_svp.jpg,https://plants.sc.egov.usda.gov/ImageLibrary/standard/ulam_002_svp.jpg
71006,ULRU,slippery elm,ulru_001_shp.jpg,https://plants.sc.egov.usda.gov/ImageLibrary/standard/ulru_001_shp.jpg
69928,ALSE2,hazel alder,alse2_001_shp.jpg,https://plants.sc.egov.usda.gov/ImageLibrary/standard/alse2_001_shp.jpg
76871,AMFR,false indigo bush,amfr_003_svp.jpg,https://plants.sc.egov.usda.gov/ImageLibrary/standard/amfr_003_svp.jpg
88768,ARAR7,red chokeberry,arar7_003_shp.jpg,https://plants.sc.egov.usda.gov/ImageLibrary/standard/arar7_003_shp.jpg
88782,ARME6,black chokeberry,arme6_002_shp.jpg,https://plants.sc.egov.usda.gov/ImageLibrary/standard/arme6_002_shp.jpg
71330,CAFL22,eastern sweetshrub,cafl22_002_shp.jpg,https://plants.sc.egov.usda.gov/ImageLibrary/standard/cafl22_002_shp.jpg
49863,OSAM,devilwood,osam_001_svp.jpg,https://plants.sc.egov.usda.gov/ImageLibrary/standard/osam_001_svp.jpg
87033,CEAM,New Jersey tea,ceam_002_svp.jpg,https://plants.sc.egov.usda.gov/ImageLibrary/standard/ceam_002_svp.jpg
47594,CEOC2,common buttonbush,ceoc2_003_shp.jpg,https://plants.sc.egov.usda.gov/ImageLibrary/standard/ceoc2_003_shp.jpg
64788,CLAL3,coastal sweetpepperbush,clal3_002_svp.jpg,https://plants.sc.egov.usda.gov/ImageLibrary/standard/clal3_002_svp.jpg
75152,COAM2,silky dogwood,coam2_002_shp.jpg,https://plants.sc.egov.usda.gov/ImageLibrary/standard/coam2_002_shp.jpg
75196,CORA6,gray dogwood,cora6_001_shp.jpg,https://plants.sc.egov.usda.gov/ImageLibrary/standard/cora6_001_shp.jpg
70074,COAM3,American hazelnut,coam3_002_shp.jpg,https://plants.sc.egov.usda.gov/ImageLibrary/standard/coam3_002_shp.jpg
70081,COCO6,beaked hazelnut,coco6_002_svp.jpg,https://plants.sc.egov.usda.gov/ImageLibrary/standard/coco6_002_svp.jpg
42692,DILO,northern bush honeysuckle,dilo_001_svp.jpg,https://plants.sc.egov.usda.gov/ImageLibrary/standard/dilo_001_svp.jpg
65141,EURA14,swamp doghobble,eura5_1h.jpg,https://plants.sc.egov.usda.gov/ImageLibrary/standard/eura5_1h.jpg
68275,SASE,silky willow,sase_002_shp.jpg,https://plants.sc.egov.usda.gov/ImageLibrary/standard/sase_002_shp.jpg
75018,EUAM9,bursting-heart,euam9_002_svp.jpg,https://plants.sc.egov.usda.gov/ImageLibrary/standard/euam9_002_svp.jpg
87257,FRCA13,Carolina buckthorn,frca13_002_svp.jpg,https://plants.sc.egov.usda.gov/ImageLibrary/standard/frca13_002_svp.jpg
65159,GAPR2,eastern teaberry,gapr2_002_shp.jpg,https://plants.sc.egov.usda.gov/ImageLibrary/standard/gapr2_002_shp.jpg
65162,GABA,black huckleberry,gaba_003_shp.jpg,https://plants.sc.egov.usda.gov/ImageLibrary/standard/gaba_003_shp.jpg
70550,HAVI4,American witchhazel,havi4_003_svp.jpg,https://plants.sc.egov.usda.gov/ImageLibrary/standard/havi4_003_svp.jpg
88398,HYAR,wild hydrangea,hyar_002_shp.jpg,https://plants.sc.egov.usda.gov/ImageLibrary/standard/hyar_002_shp.jpg
68451,HYDE,bushy St. Johnswort,hyde_1h.jpg,https://plants.sc.egov.usda.gov/ImageLibrary/standard/hyde_1h.jpg
68521,HYPR,shrubby St. Johnswort,hypr_002_shp.jpg,https://plants.sc.egov.usda.gov/ImageLibrary/standard/hypr_002_shp.jpg
74925,ILDE,possumhaw,ilde_002_shp.jpg,https://plants.sc.egov.usda.gov/ImageLibrary/standard/ilde_002_shp.jpg
74928,ILGL,inkberry,ilgl_002_svp.jpg,https://plants.sc.egov.usda.gov/ImageLibrary/standard/ilgl_002_svp.jpg
74975,ILVE,common winterberry,ilve_002_shp.jpg,https://plants.sc.egov.usda.gov/ImageLibrary/standard/ilve_002_shp.jpg
88116,ITVI,Virginia sweetspire,itvi_002_shp.jpg,https://plants.sc.egov.usda.gov/ImageLibrary/standard/itvi_002_shp.jpg
65203,KALA,mountain laurel,kala_002_shp.jpg,https://plants.sc.egov.usda.gov/ImageLibrary/standard/kala_002_shp.jpg
65252,LEFO,highland doghobble,leax_004_shp.jpg,https://plants.sc.egov.usda.gov/ImageLibrary/standard/leax_004_shp.jpg
71391,LIBE3,northern spicebush,libe3_001_shp.jpg,https://plants.sc.egov.usda.gov/ImageLibrary/standard/libe3_001_shp.jpg
70717,MOCE2,wax myrtle,moce2_001_svp.jpg,https://plants.sc.egov.usda.gov/ImageLibrary/standard/moce2_001_svp.jpg
70735,MOPE6,northern bayberry,mope6_001_shp.jpg,https://plants.sc.egov.usda.gov/ImageLibrary/standard/mope6_001_shp.jpg
88445,PHIN5,scentless mock orange,phin5_002_svp.jpg,https://plants.sc.egov.usda.gov/ImageLibrary/standard/phin5_002_svp.jpg
90185,PHOP,common ninebark,phop_001_shp.jpg,https://plants.sc.egov.usda.gov/ImageLibrary/standard/phop_001_shp.jpg
65308,PIFL,mountain fetterbush,pifl_002_shp.jpg,https://plants.sc.egov.usda.gov/ImageLibrary/standard/pifl_002_shp.jpg
65346,RHCA8,Catawba rosebay,rhca8_002_shp.jpg,https://plants.sc.egov.usda.gov/ImageLibrary/standard/rhca8_002_shp.jpg
65369,RHMA4,great laurel,rhma4_002_shp.jpg,https://plants.sc.egov.usda.gov/ImageLibrary/standard/rhma4_002_shp.jpg
65380,RHPE4,pink azalea,rhpe4_001_shp.jpg,https://plants.sc.egov.usda.gov/ImageLibrary/standard/rhpe4_001_shp.jpg
65385,RHPR,early azalea,rhpr_001_svp.jpg,https://plants.sc.egov.usda.gov/ImageLibrary/standard/rhpr_001_svp.jpg
65397,RHVI2,swamp azalea,rhvi2_001_svp.jpg,https://plants.sc.egov.usda.gov/ImageLibrary/standard/rhvi2_001_svp.jpg
92934,RHAR4,fragrant sumac,rhar4_001_shp.jpg,https://plants.sc.egov.usda.gov/ImageLibrary/standard/rhar4_001_shp.jpg
92952,RHCO,winged sumac,rhco_003_svp.jpg,https://plants.sc.egov.usda.gov/ImageLibrary/standard/rhco_003_svp.jpg
92963,RHGL,smooth sumac,rhgl_002_shp.jpg,https://plants.sc.egov.usda.gov/ImageLibrary/standard/rhgl_002_shp.jpg
88312,RIRO2,Appalachian gooseberry,grro4_001_svd.jpg,https://plants.sc.egov.usda.gov/ImageLibrary/standard/grro4_001_svd.jpg
90793,ROCA4,Carolina rose,roca4_002_shp.jpg,https://plants.sc.egov.usda.gov/ImageLibrary/standard/roca4_002_shp.jpg
90894,ROPA,swamp rose,ropa_001_shp.jpg,https://plants.sc.egov.usda.gov/ImageLibrary/standard/ropa_001_shp.jpg
90954,ROVI2,Virginia rose,rovi2_002_shp.jpg,https://plants.sc.egov.usda.gov/ImageLibrary/standard/rovi2_002_shp.jpg
91009,RUAL,Allegheny blackberry,rual_002_shp.jpg,https://plants.sc.egov.usda.gov/ImageLibrary/standard/rual_002_shp.jpg
91167,RUFL,northern dewberry,rufl_001_shp.jpg,https://plants.sc.egov.usda.gov/ImageLibrary/standard/rufl_001_shp.jpg
91250,RUHI,bristly dewberry,ruhi_002_svp.jpg,https://plants.sc.egov.usda.gov/ImageLibrary/standard/ruhi_002_svp.jpg
91407,RUOC,black raspberry,ruoc_002_shp.jpg,https://plants.sc.egov.usda.gov/ImageLibrary/standard/ruoc_002_shp.jpg
91409,RUOD,purpleflowering raspberry,ruod_002_shp.jpg,https://plants.sc.egov.usda.gov/ImageLibrary/standard/ruod_002_shp.jpg
67871,SAHU2,prairie willow,sahu2_002_shp.jpg,https://plants.sc.egov.usda.gov/ImageLibrary/standard/sahu2_002_shp.jpg
42834,SANIC4,American black elderberry,sanic4_001_shp.jpg,https://plants.sc.egov.usda.gov/ImageLibrary/standard/sanic4_001_shp.jpg
42863,SARA2,red elderberry,sara2_002_shp.jpg,https://plants.sc.egov.usda.gov/ImageLibrary/standard/sara2_002_shp.jpg
91786,SPAL2,white meadowsweet,spal2_002_svp.jpg,https://plants.sc.egov.usda.gov/ImageLibrary/standard/spal2_002_svp.jpg
42905,SYOR,coralberry,syor_001_shp.jpg,https://plants.sc.egov.usda.gov/ImageLibrary/standard/syor_001_shp.jpg
65417,VAAN,lowbush blueberry,vaan_002_shp.jpg,https://plants.sc.egov.usda.gov/ImageLibrary/standard/vaan_002_shp.jpg
65446,VACO,highbush blueberry,vaco_002_shp.jpg,https://plants.sc.egov.usda.gov/ImageLibrary/standard/vaco_002_shp.jpg
42933,VIAC,mapleleaf viburnum,viac_002_shp.jpg,https://plants.sc.egov.usda.gov/ImageLibrary/standard/viac_002_shp.jpg
42949,VIDE,southern arrowwood,vide_002_shp.jpg,https://plants.sc.egov.usda.gov/ImageLibrary/standard/vide_002_shp.jpg
42980,VILA11,hobblebush,vila11_001_shp.jpg,https://plants.sc.egov.usda.gov/ImageLibrary/standard/vila11_001_shp.jpg
42987,VINU,possumhaw,vinu_002_shp.jpg,https://plants.sc.egov.usda.gov/ImageLibrary/standard/vinu_002_shp.jpg
42988,VINUC,withe-rod,vinuc_001_shp.jpg,https://plants.sc.egov.usda.gov/ImageLibrary/standard/vinuc_001_shp.jpg
43016,VIPR,blackhaw,vipr_002_shp.jpg,https://plants.sc.egov.usda.gov/ImageLibrary/standard/vipr_002_shp.jpg
73676,XASI,yellowroot,xasi_002_shp.jpg,https://plants.sc.egov.usda.gov/ImageLibrary/standard/xasi_002_shp.jpg
92842,ACPE,striped maple,acpe_002_svp.jpg,https://plants.sc.egov.usda.gov/ImageLibrary/standard/acpe_002_svp.jpg
92875,ACSP2,mountain maple,acsp2_002_shp.jpg,https://plants.sc.egov.usda.gov/ImageLibrary/standard/acsp2_002_shp.jpg
69903,ALIN2,gray alder,alin2_002_shp.jpg,https://plants.sc.egov.usda.gov/ImageLibrary/standard/alin2_002_shp.jpg
88664,AMAR3,common serviceberry,amar3_001_shp.jpg,https://plants.sc.egov.usda.gov/ImageLibrary/standard/amar3_001_shp.jpg
88673,AMCA4,Canadian serviceberry,amca4_002_shp.jpg,https://plants.sc.egov.usda.gov/ImageLibrary/standard/amca4_002_shp.jpg
88685,AMLA,Allegheny serviceberry,amla_001_shp.jpg,https://plants.sc.egov.usda.gov/ImageLibrary/standard/amla_001_shp.jpg
74685,ARSP2,devil's walkingstick,arsp2_002_svp.jpg,https://plants.sc.egov.usda.gov/ImageLibrary/standard/arsp2_002_svp.jpg
71503,ASTR,pawpaw,astr_002_svp.jpg,https://plants.sc.egov.usda.gov/ImageLibrary/standard/astr_002_svp.jpg
70066,CACA18,American hornbeam,caca18_002_svp.jpg,https://plants.sc.egov.usda.gov/ImageLibrary/standard/caca18_002_svp.jpg
70117,CAPU9,chinquapin,capu9_002_shp.jpg,https://plants.sc.egov.usda.gov/ImageLibrary/standard/capu9_002_shp.jpg
70928,CELA,sugarberry,cela_001_svp.jpg,https://plants.sc.egov.usda.gov/ImageLibrary/standard/cela_001_svp.jpg
78328,CECA4,eastern redbud,ceca4_002_shp.jpg,https://plants.sc.egov.usda.gov/ImageLibrary/standard/ceca4_002_shp.jpg
49693,CHVI3,white fringetree,chvi3_002_shp.jpg,https://plants.sc.egov.usda.gov/ImageLibrary/standard/chvi3_002_shp.jpg
75150,COAL2,alternateleaf dogwood,coal2_002_shp.jpg,https://plants.sc.egov.usda.gov/ImageLibrary/standard/coal2_002_shp.jpg
75171,COFL2,flowering dogwood,cofl2_001_svp.jpg,https://plants.sc.egov.usda.gov/ImageLibrary/standard/cofl2_001_svp.jpg
75174,COFO,stiff dogwood,cofo_002_svp.jpg,https://plants.sc.egov.usda.gov/ImageLibrary/standard/cofo_002_svp.jpg
89092,CRCR2,cockspur hawthorn,crcr2_002_shp.jpg,https://plants.sc.egov.usda.gov/ImageLibrary/standard/crcr2_002_shp.jpg
89186,CRFL2,yellowleaf hawthorn,crfl2_002_shp.jpg,https://plants.sc.egov.usda.gov/ImageLibrary/standard/crfl2_002_shp.jpg
89404,CRPH,Washington hawthorn,crph_002_shp.jpg,https://plants.sc.egov.usda.gov/ImageLibrary/standard/crph_002_shp.jpg
89605,CRVI2,green hawthorn,crvi2_002_shp.jpg,https://plants.sc.egov.usda.gov/ImageLibrary/standard/crvi2_002_shp.jpg
75020,EUAT5,burningbush,euat5_001_svd.jpg,https://plants.sc.egov.usda.gov/ImageLibrary/standard/euat5_001_svd.jpg
74982,ILVO,yaupon,ilvo_002_svp.jpg,https://plants.sc.egov.usda.gov/ImageLibrary/standard/ilvo_002_svp.jpg
71577,MATR,umbrella-tree,matr_002_shp.jpg,https://plants.sc.egov.usda.gov/ImageLibrary/standard/matr_002_shp.jpg
71581,MAVI2,sweetbay,mavi2_002_shp.jpg,https://plants.sc.egov.usda.gov/ImageLibrary/standard/mavi2_002_shp.jpg
70102,OSVI,hophornbeam,osvi_002_shp.jpg,https://plants.sc.egov.usda.gov/ImageLibrary/standard/osvi_002_shp.jpg
90536,PRAM,American plum,pram_002_shp.jpg,https://plants.sc.egov.usda.gov/ImageLibrary/standard/pram_002_shp.jpg
90538,PRAN3,Chickasaw plum,pran3_002_shp.jpg,https://plants.sc.egov.usda.gov/ImageLibrary/standard/pran3_002_shp.jpg
90621,PRPE2,pin cherry,prpe2_001_svd.jpg,https://plants.sc.egov.usda.gov/ImageLibrary/standard/prpe2_001_svd.jpg
90686,PRVI,chokecherry,prvi_001_svp.jpg,https://plants.sc.egov.usda.gov/ImageLibrary/standard/prvi_001_svp.jpg
70314,QUIL,bear oak,quil_002_svp.jpg,https://plants.sc.egov.usda.gov/ImageLibrary/standard/quil_002_svp.jpg
70367,QUMA3,blackjack oak,quma3_002_shp.jpg,https://plants.sc.egov.usda.gov/ImageLibrary/standard/quma3_002_shp.jpg
91750,SOAM3,American mountain ash,soam3_002_shp.jpg,https://plants.sc.egov.usda.gov/ImageLibrary/standard/soam3_002_shp.jpg
90051,MACO5,sweet crab apple,maco5_003_shp.jpg,https://plants.sc.egov.usda.gov/ImageLibrary/standard/maco5_003_shp.jpg
15299,THOC2,arborvitae,thoc2_002_svp.jpg,https://plants.sc.egov.usda.gov/ImageLibrary/standard/thoc2_002_svp.jpg
70952,CEPU10,dwarf hackberry,cepu10_001_svp.jpg,https://plants.sc.egov.usda.gov/ImageLibrary/standard/cepu10_001_svp.jpg
76939,APAM,groundnut,apam_001_shp.jpg,https://plants.sc.egov.usda.gov/ImageLibrary/standard/apam_001_shp.jpg
71241,ARMA7,pipevine,arma7_002_shp.jpg,https://plants.sc.egov.usda.gov/ImageLibrary/standard/arma7_002_shp.jpg
49180,BICA,crossvine,bica_001_shp.jpg,https://plants.sc.egov.usda.gov/ImageLibrary/standard/bica_001_shp.jpg
49184,CARA2,trumpet creeper,cara2_001_svp.jpg,https://plants.sc.egov.usda.gov/ImageLibrary/standard/cara2_001_svp.jpg
75002,CESC,American bittersweet,cesc_002_svp.jpg,https://plants.sc.egov.usda.gov/ImageLibrary/standard/cesc_002_svp.jpg
72862,CLVI4,vasevine,clvi4_001_svp.jpg,https://plants.sc.egov.usda.gov/ImageLibrary/standard/clvi4_001_svp.jpg
72874,CLVI5,devil's darning needles,clvi5_002_shp.jpg,https://plants.sc.egov.usda.gov/ImageLibrary/standard/clvi5_002_shp.jpg
27319,DIVI4,wild yam,divi4_002_shp.jpg,https://plants.sc.egov.usda.gov/ImageLibrary/standard/divi4_002_shp.jpg
42803,LOSE,trumpet honeysuckle,lose_002_shp.jpg,https://plants.sc.egov.usda.gov/ImageLibrary/standard/lose_002_shp.jpg
38109,MISC,climbing hempvine,misc_002_shp.jpg,https://plants.sc.egov.usda.gov/ImageLibrary/standard/misc_002_shp.jpg
87444,PAQU2,Virginia creeper,paqu2_003_shp.jpg,https://plants.sc.egov.usda.gov/ImageLibrary/standard/paqu2_003_shp.jpg
69379,PAIN6,purple passionflower,pain6_002_svp.jpg,https://plants.sc.egov.usda.gov/ImageLibrary/standard/pain6_002_svp.jpg
69382,PALU2,yellow passionflower,palu2_002_shp.jpg,https://plants.sc.egov.usda.gov/ImageLibrary/standard/palu2_002_shp.jpg
61548,POSA5,arrowleaf tearthumb,posa5_1v.jpg,https://plants.sc.egov.usda.gov/ImageLibrary/standard/posa5_1v.jpg
87511,VILA8,fox grape,vila8_002_shp.jpg,https://plants.sc.egov.usda.gov/ImageLibrary/standard/vila8_002_shp.jpg
87526,VIRI,riverbank grape,viri_001_shp.jpg,https://plants.sc.egov.usda.gov/ImageLibrary/standard/viri_001_shp.jpg
87550,VIVU,frost grape,vivu_002_shp.jpg,https://plants.sc.egov.usda.gov/ImageLibrary/standard/vivu_002_shp.jpg
